study,beta.human,beta.flock,beta.barn,beta.water,n_imports.barn,n_imports.water,dw layer weight?,duck sus_ORs?
1,0.004172964517354654,1.915079923706475,0.9282135949943594,1.3312674005879563,0.8909414076704778,0.08630521645728687,1,5
2,1.9693889992778193,1.4675108850084224,1.734163784928315,1.160355401154936,0.28878352546080926,0.0008669707833970481,1,10
3,0.0016055634924155987, 0.5249577092207758,1.4099766052099527,1.162071877384249,0.64220679289764,0.13017117378508145,5,1
4,1.2520116323489938,1.1010628837765637,0.5463033006257221,0.3943072187230202,0.0009961528830935498,0.000970866580663763,10,1
